id,title,year,image,genre
"1","vel reprehenderit est",2018,"https://s3-us-west-1.amazonaws.com/moovi-images/16.jpeg","documentary"
"2","animi cumque magni",2019,"https://s3-us-west-1.amazonaws.com/moovi-images/19.jpeg","horror"
"3","non ut doloremque",2019,"https://s3-us-west-1.amazonaws.com/moovi-images/20.jpeg","documentary"
"4","explicabo nostrum aut",2019,"https://s3-us-west-1.amazonaws.com/moovi-images/4.jpeg","documentary"
"5","tempora adipisci nam",2019,"https://s3-us-west-1.amazonaws.com/moovi-images/7.jpeg","documentary"
"6","saepe quo corrupti",2019,"https://s3-us-west-1.amazonaws.com/moovi-images/5.jpeg","romance"
"7","et et ullam",2019,"https://s3-us-west-1.amazonaws.com/moovi-images/4.jpeg","horror"
"8","eum quo neque",2019,"https://s3-us-west-1.amazonaws.com/moovi-images/12.jpeg","comedy"
"9","temporibus culpa est",2019,"https://s3-us-west-1.amazonaws.com/moovi-images/11.jpeg","documentary"
"10","beatae iure at",2019,"https://s3-us-west-1.amazonaws.com/moovi-images/17.jpeg","documentary"
"11","dolorem nisi accusamus",2019,"https://s3-us-west-1.amazonaws.com/moovi-images/15.jpeg","action"
"12","modi officia provident",2019,"https://s3-us-west-1.amazonaws.com/moovi-images/5.jpeg","horror"
"13","aut debitis ab",2019,"https://s3-us-west-1.amazonaws.com/moovi-images/19.jpeg","documentary"
"14","ex sapiente consequatur",2018,"https://s3-us-west-1.amazonaws.com/moovi-images/5.jpeg","horror"
"15","est consequatur explicabo",2018,"https://s3-us-west-1.amazonaws.com/moovi-images/14.jpeg","action"
"16","voluptates officiis quia",2019,"https://s3-us-west-1.amazonaws.com/moovi-images/1.jpeg","action"
"17","deserunt quaerat vitae",2019,"https://s3-us-west-1.amazonaws.com/moovi-images/4.jpeg","documentary"
"18","omnis enim sit",2019,"https://s3-us-west-1.amazonaws.com/moovi-images/10.jpeg","documentary"
"19","laborum et dolorum",2019,"https://s3-us-west-1.amazonaws.com/moovi-images/16.jpeg","romance"
"20","aliquam nesciunt culpa",2018,"https://s3-us-west-1.amazonaws.com/moovi-images/14.jpeg","comedy"
"21","enim saepe quae",2019,"https://s3-us-west-1.amazonaws.com/moovi-images/7.jpeg","comedy"
"22","eos iusto error",2019,"https://s3-us-west-1.amazonaws.com/moovi-images/8.jpeg","romance"
"23","maxime ut veritatis",2019,"https://s3-us-west-1.amazonaws.com/moovi-images/8.jpeg","action"
"24","quae ut voluptas",2019,"https://s3-us-west-1.amazonaws.com/moovi-images/6.jpeg","documentary"
"25","ut inventore quos",2019,"https://s3-us-west-1.amazonaws.com/moovi-images/7.jpeg","documentary"
"26","iusto eum alias",2018,"https://s3-us-west-1.amazonaws.com/moovi-images/3.jpeg","comedy"
"27","voluptate quaerat tempore",2019,"https://s3-us-west-1.amazonaws.com/moovi-images/11.jpeg","documentary"
"28","eos consequatur eos",2019,"https://s3-us-west-1.amazonaws.com/moovi-images/5.jpeg","action"
"29","qui quos placeat",2019,"https://s3-us-west-1.amazonaws.com/moovi-images/13.jpeg","romance"
"30","mollitia saepe et",2019,"https://s3-us-west-1.amazonaws.com/moovi-images/18.jpeg","comedy"
"31","molestias quibusdam deserunt",2019,"https://s3-us-west-1.amazonaws.com/moovi-images/19.jpeg","romance"
"32","nemo repellat blanditiis",2019,"https://s3-us-west-1.amazonaws.com/moovi-images/12.jpeg","documentary"
"33","eveniet aliquam quasi",2019,"https://s3-us-west-1.amazonaws.com/moovi-images/13.jpeg","comedy"
"34","fugiat porro non",2019,"https://s3-us-west-1.amazonaws.com/moovi-images/12.jpeg","romance"
"35","sed sit labore",2018,"https://s3-us-west-1.amazonaws.com/moovi-images/6.jpeg","documentary"
"36","illo eligendi libero",2019,"https://s3-us-west-1.amazonaws.com/moovi-images/9.jpeg","romance"
"37","aut enim deleniti",2019,"https://s3-us-west-1.amazonaws.com/moovi-images/6.jpeg","comedy"
"38","sunt eum nam",2019,"https://s3-us-west-1.amazonaws.com/moovi-images/1.jpeg","comedy"
"39","dicta ipsum rerum",2019,"https://s3-us-west-1.amazonaws.com/moovi-images/18.jpeg","action"
"40","ducimus consequatur facilis",2019,"https://s3-us-west-1.amazonaws.com/moovi-images/7.jpeg","horror"
"41","dignissimos quia est",2019,"https://s3-us-west-1.amazonaws.com/moovi-images/1.jpeg","horror"
"42","et enim optio",2019,"https://s3-us-west-1.amazonaws.com/moovi-images/1.jpeg","romance"
"43","totam asperiores aut",2019,"https://s3-us-west-1.amazonaws.com/moovi-images/15.jpeg","documentary"
"44","nesciunt voluptatem voluptatem",2019,"https://s3-us-west-1.amazonaws.com/moovi-images/4.jpeg","romance"
"45","et est debitis",2019,"https://s3-us-west-1.amazonaws.com/moovi-images/2.jpeg","romance"
"46","vitae nesciunt libero",2019,"https://s3-us-west-1.amazonaws.com/moovi-images/1.jpeg","comedy"
"47","corrupti doloribus laborum",2019,"https://s3-us-west-1.amazonaws.com/moovi-images/17.jpeg","documentary"
"48","recusandae saepe et",2019,"https://s3-us-west-1.amazonaws.com/moovi-images/7.jpeg","action"
"49","numquam consequatur sequi",2019,"https://s3-us-west-1.amazonaws.com/moovi-images/4.jpeg","horror"
"50","delectus dicta modi",2019,"https://s3-us-west-1.amazonaws.com/moovi-images/8.jpeg","documentary"
"51","aut autem tempora",2019,"https://s3-us-west-1.amazonaws.com/moovi-images/4.jpeg","romance"
"52","cumque nam consequuntur",2019,"https://s3-us-west-1.amazonaws.com/moovi-images/11.jpeg","horror"
"53","et harum quo",2019,"https://s3-us-west-1.amazonaws.com/moovi-images/15.jpeg","comedy"
"54","consequatur dolorem quia",2019,"https://s3-us-west-1.amazonaws.com/moovi-images/10.jpeg","romance"
"55","in ipsum error",2019,"https://s3-us-west-1.amazonaws.com/moovi-images/17.jpeg","comedy"
"56","dolorem quasi autem",2019,"https://s3-us-west-1.amazonaws.com/moovi-images/11.jpeg","romance"
"57","praesentium delectus et",2019,"https://s3-us-west-1.amazonaws.com/moovi-images/3.jpeg","romance"
"58","doloremque a id",2019,"https://s3-us-west-1.amazonaws.com/moovi-images/17.jpeg","action"
"59","consequuntur qui illum",2019,"https://s3-us-west-1.amazonaws.com/moovi-images/16.jpeg","romance"
"60","eveniet consequuntur vel",2019,"https://s3-us-west-1.amazonaws.com/moovi-images/14.jpeg","comedy"
"61","repellendus omnis unde",2019,"https://s3-us-west-1.amazonaws.com/moovi-images/8.jpeg","action"
"62","adipisci tempora accusantium",2019,"https://s3-us-west-1.amazonaws.com/moovi-images/17.jpeg","romance"
"63","et iste qui",2019,"https://s3-us-west-1.amazonaws.com/moovi-images/11.jpeg","horror"
"64","ea praesentium doloremque",2019,"https://s3-us-west-1.amazonaws.com/moovi-images/12.jpeg","action"
"65","maiores ut iusto",2019,"https://s3-us-west-1.amazonaws.com/moovi-images/9.jpeg","comedy"
"66","eveniet et vero",2019,"https://s3-us-west-1.amazonaws.com/moovi-images/17.jpeg","documentary"
"67","voluptatem totam sit",2019,"https://s3-us-west-1.amazonaws.com/moovi-images/6.jpeg","documentary"
"68","expedita nihil voluptatem",2019,"https://s3-us-west-1.amazonaws.com/moovi-images/10.jpeg","action"
"69","ipsa est vero",2019,"https://s3-us-west-1.amazonaws.com/moovi-images/8.jpeg","action"
"70","officiis minus commodi",2019,"https://s3-us-west-1.amazonaws.com/moovi-images/17.jpeg","action"
"71","eaque dolores qui",2019,"https://s3-us-west-1.amazonaws.com/moovi-images/20.jpeg","documentary"
"72","facere quibusdam quaerat",2019,"https://s3-us-west-1.amazonaws.com/moovi-images/11.jpeg","horror"
"73","omnis vel beatae",2019,"https://s3-us-west-1.amazonaws.com/moovi-images/19.jpeg","documentary"
"74","facere perferendis magnam",2019,"https://s3-us-west-1.amazonaws.com/moovi-images/2.jpeg","horror"
"75","placeat fuga iusto",2019,"https://s3-us-west-1.amazonaws.com/moovi-images/12.jpeg","romance"
"76","culpa et accusantium",2019,"https://s3-us-west-1.amazonaws.com/moovi-images/17.jpeg","horror"
"77","non laudantium ab",2018,"https://s3-us-west-1.amazonaws.com/moovi-images/11.jpeg","documentary"
"78","vel molestias ex",2019,"https://s3-us-west-1.amazonaws.com/moovi-images/10.jpeg","romance"
"79","deleniti sequi sint",2019,"https://s3-us-west-1.amazonaws.com/moovi-images/20.jpeg","comedy"
"80","illum ipsum minus",2019,"https://s3-us-west-1.amazonaws.com/moovi-images/2.jpeg","action"
"81","quia facere cupiditate",2019,"https://s3-us-west-1.amazonaws.com/moovi-images/18.jpeg","documentary"
"82","sint omnis fugit",2019,"https://s3-us-west-1.amazonaws.com/moovi-images/6.jpeg","romance"
"83","cum ex natus",2019,"https://s3-us-west-1.amazonaws.com/moovi-images/1.jpeg","horror"
"84","est excepturi blanditiis",2019,"https://s3-us-west-1.amazonaws.com/moovi-images/5.jpeg","horror"
"85","est quia enim",2019,"https://s3-us-west-1.amazonaws.com/moovi-images/19.jpeg","action"
"86","dolores nihil eos",2019,"https://s3-us-west-1.amazonaws.com/moovi-images/9.jpeg","comedy"
"87","laboriosam autem aliquam",2019,"https://s3-us-west-1.amazonaws.com/moovi-images/14.jpeg","romance"
"88","et expedita eaque",2019,"https://s3-us-west-1.amazonaws.com/moovi-images/3.jpeg","action"
"89","quas autem eum",2019,"https://s3-us-west-1.amazonaws.com/moovi-images/20.jpeg","comedy"
"90","vero ut sit",2019,"https://s3-us-west-1.amazonaws.com/moovi-images/19.jpeg","documentary"
"91","dolores dignissimos et",2019,"https://s3-us-west-1.amazonaws.com/moovi-images/18.jpeg","documentary"
"92","rerum et ipsa",2019,"https://s3-us-west-1.amazonaws.com/moovi-images/9.jpeg","horror"
"93","nostrum illum voluptatum",2019,"https://s3-us-west-1.amazonaws.com/moovi-images/1.jpeg","documentary"
"94","autem nemo consequatur",2019,"https://s3-us-west-1.amazonaws.com/moovi-images/15.jpeg","comedy"
"95","iste maxime nisi",2019,"https://s3-us-west-1.amazonaws.com/moovi-images/14.jpeg","documentary"
"96","quo harum ratione",2019,"https://s3-us-west-1.amazonaws.com/moovi-images/3.jpeg","documentary"
"97","sed voluptatibus tempore",2019,"https://s3-us-west-1.amazonaws.com/moovi-images/1.jpeg","comedy"
"98","provident quos ipsa",2018,"https://s3-us-west-1.amazonaws.com/moovi-images/8.jpeg","action"
"99","omnis nisi temporibus",2019,"https://s3-us-west-1.amazonaws.com/moovi-images/18.jpeg","action"
"100","accusantium neque tempora",2019,"https://s3-us-west-1.amazonaws.com/moovi-images/4.jpeg","horror"